date,retail_and_recreation_percent_change_from_baseline,grocery_and_pharmacy_percent_change_from_baseline,parks_percent_change_from_baseline,transit_stations_percent_change_from_baseline,workplaces_percent_change_from_baseline,residential_percent_change_from_baseline,new_tested
2020-02-02,2.0,-1.0,26.0,8.0,0.0,-2.0,0.0
2020-02-03,2.0,-1.0,26.0,8.0,0.0,-2.0,0.0
2020-02-04,2.0,-1.0,26.0,8.0,0.0,-2.0,0.0
2020-02-05,2.0,-1.0,26.0,8.0,0.0,-2.0,0.0
2020-02-06,2.0,-1.0,26.0,8.0,0.0,-2.0,0.0
2020-02-07,2.0,-1.0,26.0,8.0,0.0,-2.0,0.0
2020-02-08,2.0,-1.0,26.0,8.0,0.0,-2.0,0.0
2020-02-09,2.0,-1.0,26.0,8.0,0.0,-2.0,0.0
2020-02-10,2.0,-1.0,26.0,8.0,0.0,-2.0,0.0
2020-02-11,2.0,-1.0,26.0,8.0,0.0,-2.0,0.0
2020-02-12,2.0,-1.0,26.0,8.0,0.0,-2.0,0.0
2020-02-13,2.0,-1.0,26.0,8.0,0.0,-2.0,0.0
2020-02-14,2.0,-1.0,26.0,8.0,0.0,-2.0,0.0
2020-02-15,2.0,-1.0,26.0,8.0,0.0,-2.0,0.0
2020-02-16,2.0,3.0,13.0,5.0,-1.0,-2.0,0.0
2020-02-17,0.0,1.0,9.0,3.0,3.0,-1.0,0.0
2020-02-18,-2.0,0.0,5.0,4.0,3.0,0.0,0.0
2020-02-19,0.0,1.0,11.0,2.0,3.0,-1.0,0.0
2020-02-20,1.0,1.0,15.0,5.0,3.0,-1.0,0.0
2020-02-21,1.0,2.0,20.0,6.0,2.0,-2.0,0.0
2020-02-22,2.0,2.0,44.0,14.0,2.0,-2.0,0.0
2020-02-23,7.0,10.0,33.0,11.0,1.0,-3.0,0.0
2020-02-24,5.0,3.0,36.0,4.0,-7.0,0.0,0.0
2020-02-25,-2.0,-1.0,17.0,3.0,-6.0,1.0,0.0
2020-02-26,0.0,4.0,11.0,1.0,0.0,0.0,0.0
2020-02-27,4.0,8.0,16.0,6.0,1.0,-2.0,0.0
2020-02-28,-1.0,-7.0,33.0,2.0,-11.0,0.0,0.0
2020-02-29,-1.0,4.0,19.0,6.0,-1.0,-1.0,0.0
2020-03-01,2.0,6.0,6.0,5.0,1.0,-2.0,0.0
2020-03-02,-3.0,1.0,-7.0,-3.0,-3.0,1.0,0.0
2020-03-03,-3.0,3.0,-3.0,1.0,3.0,0.0,0.0
2020-03-04,0.0,4.0,9.0,2.0,3.0,0.0,0.0
2020-03-05,-1.0,2.0,2.0,0.0,2.0,0.0,0.0
2020-03-06,-2.0,2.0,0.0,0.0,-1.0,0.0,0.0
2020-03-07,-1.0,1.0,17.0,4.0,1.0,-1.0,0.0
2020-03-08,4.0,7.0,19.0,8.0,1.0,-2.0,0.0
2020-03-09,-1.0,4.0,12.0,0.0,3.0,-1.0,0.0
2020-03-10,-3.0,18.0,12.0,-1.0,2.0,0.0,0.0
2020-03-11,-5.0,17.0,17.0,-9.0,-2.0,1.0,0.0
2020-03-12,-13.0,27.0,1.0,-16.0,-5.0,3.0,0.0
2020-03-13,-33.0,33.0,-22.0,-32.0,-17.0,8.0,0.0
2020-03-14,-69.0,-8.0,-44.0,-52.0,-31.0,14.0,0.0
2020-03-15,-87.0,-49.0,-76.0,-71.0,-48.0,17.0,6304.0
2020-03-16,-80.0,-33.0,-72.0,-71.0,-52.0,23.0,9051.0
2020-03-17,-83.0,-39.0,-73.0,-74.0,-59.0,25.0,11691.0
2020-03-18,-84.0,-36.0,-73.0,-76.0,-60.0,26.0,12774.0
2020-03-19,-88.0,-58.0,-77.0,-80.0,-71.0,31.0,14924.0
2020-03-20,-87.0,-39.0,-79.0,-80.0,-66.0,32.0,16176.0
2020-03-21,-92.0,-53.0,-87.0,-84.0,-63.0,26.0,14231.0
2020-03-22,-94.0,-73.0,-89.0,-87.0,-65.0,22.0,12262.0
2020-03-23,-85.0,-46.0,-77.0,-81.0,-65.0,28.0,17837.0
2020-03-24,-87.0,-50.0,-79.0,-81.0,-67.0,29.0,22006.0
2020-03-25,-87.0,-51.0,-78.0,-82.0,-67.0,30.0,23934.0
2020-03-26,-87.0,-52.0,-78.0,-82.0,-68.0,30.0,25516.0
2020-03-27,-88.0,-49.0,-80.0,-83.0,-68.0,33.0,25919.0
2020-03-28,-92.0,-57.0,-86.0,-86.0,-64.0,26.0,20519.0
2020-03-29,-94.0,-76.0,-89.0,-88.0,-64.0,22.0,15597.0
2020-03-30,-89.0,-55.0,-80.0,-84.0,-74.0,31.0,22845.0
2020-03-31,-92.0,-55.0,-82.0,-84.0,-76.0,32.0,25603.0
2020-04-01,-92.0,-53.0,-81.0,-84.0,-75.0,33.0,25723.0
2020-04-02,-92.0,-52.0,-81.0,-84.0,-75.0,33.0,27234.0
2020-04-03,-89.0,-48.0,-82.0,-84.0,-74.0,36.0,27655.0
2020-04-04,-92.0,-56.0,-86.0,-86.0,-65.0,26.0,19974.0
2020-04-05,-94.0,-77.0,-90.0,-89.0,-68.0,23.0,14289.0
2020-04-06,-87.0,-51.0,-79.0,-83.0,-74.0,31.0,22400.0
2020-04-07,-89.0,-41.0,-79.0,-83.0,-74.0,31.0,26003.0
2020-04-08,-88.0,-31.0,-77.0,-82.0,-74.0,30.0,28237.0
2020-04-09,-93.0,-66.0,-83.0,-88.0,-84.0,36.0,28497.0
2020-04-10,-96.0,-90.0,-88.0,-92.0,-90.0,42.0,22918.0
2020-04-11,-92.0,-44.0,-85.0,-84.0,-63.0,26.0,17297.0
2020-04-12,-94.0,-74.0,-89.0,-89.0,-67.0,23.0,15893.0
2020-04-13,-90.0,-65.0,-80.0,-85.0,-77.0,32.0,20933.0
2020-04-14,-87.0,-41.0,-75.0,-79.0,-67.0,29.0,28961.0
2020-04-15,-88.0,-46.0,-77.0,-81.0,-68.0,30.0,32040.0
2020-04-16,-88.0,-46.0,-76.0,-80.0,-67.0,30.0,31874.0
2020-04-17,-89.0,-45.0,-77.0,-81.0,-67.0,33.0,34135.0
2020-04-18,-92.0,-54.0,-85.0,-84.0,-61.0,25.0,28225.0
2020-04-19,-95.0,-76.0,-89.0,-89.0,-65.0,22.0,21164.0
2020-04-20,-87.0,-56.0,-75.0,-80.0,-66.0,28.0,29205.0
2020-04-21,-87.0,-51.0,-77.0,-80.0,-66.0,29.0,41124.0
2020-04-22,-87.0,-47.0,-75.0,-80.0,-65.0,29.0,40999.0
2020-04-23,-87.0,-51.0,-74.0,-80.0,-67.0,30.0,41044.0
2020-04-24,-88.0,-46.0,-76.0,-79.0,-65.0,32.0,47394.0
2020-04-25,-92.0,-52.0,-84.0,-83.0,-59.0,25.0,31927.0
2020-04-26,-92.0,-66.0,-77.0,-82.0,-62.0,21.0,22805.0
2020-04-27,-85.0,-50.0,-65.0,-76.0,-63.0,27.0,34449.0
2020-04-28,-85.0,-45.0,-64.0,-75.0,-64.0,26.0,47868.0
2020-04-29,-84.0,-41.0,-64.0,-75.0,-63.0,28.0,44785.0
2020-04-30,-82.0,-30.0,-63.0,-74.0,-63.0,27.0,43738.0
2020-05-01,-94.0,-88.0,-74.0,-86.0,-86.0,40.0,30278.0
2020-05-02,-84.0,-31.0,-43.0,-63.0,-53.0,21.0,20959.0
2020-05-03,-83.0,-44.0,-44.0,-64.0,-52.0,18.0,15985.0
2020-05-04,-75.0,-35.0,-26.0,-62.0,-58.0,23.0,30697.0
2020-05-05,-76.0,-32.0,-27.0,-61.0,-58.0,23.0,43389.0
2020-05-06,-76.0,-32.0,-25.0,-61.0,-58.0,24.0,43029.0
2020-05-07,-76.0,-33.0,-29.0,-63.0,-58.0,24.0,43487.0
2020-05-08,-78.0,-34.0,-37.0,-64.0,-57.0,27.0,42860.0
2020-05-09,-84.0,-38.0,-49.0,-64.0,-47.0,21.0,30197.0
2020-05-10,-86.0,-57.0,-63.0,-72.0,-51.0,19.0,15555.0
2020-05-11,-66.0,-28.0,-21.0,-57.0,-52.0,20.0,32761.0
2020-05-12,-70.0,-29.0,-35.0,-60.0,-53.0,21.0,43144.0
2020-05-13,-69.0,-26.0,-27.0,-58.0,-53.0,21.0,46168.0
2020-05-14,-72.0,-30.0,-46.0,-64.0,-54.0,22.0,45256.0
2020-05-15,-72.0,-29.0,-36.0,-64.0,-55.0,25.0,45389.0
2020-05-16,-76.0,-31.0,-39.0,-59.0,-40.0,17.0,28590.0
2020-05-17,-75.0,-41.0,-32.0,-58.0,-38.0,14.0,15100.0
2020-05-18,-57.0,-23.0,-1.0,-51.0,-48.0,17.0,32359.0
2020-05-19,-58.0,-21.0,-3.0,-51.0,-48.0,18.0,45410.0
2020-05-20,-58.0,-20.0,-5.0,-52.0,-48.0,18.0,45572.0
2020-05-21,-58.0,-18.0,-7.0,-53.0,-48.0,19.0,43679.0
2020-05-22,-60.0,-19.0,-14.0,-53.0,-46.0,20.0,44478.0
2020-05-23,-66.0,-23.0,-21.0,-50.0,-29.0,13.0,27955.0
2020-05-24,-67.0,-33.0,-25.0,-55.0,-29.0,11.0,15922.0
2020-05-25,-44.0,-17.0,8.0,-44.0,-44.0,15.0,32727.0
2020-05-26,-45.0,-16.0,9.0,-44.0,-43.0,15.0,45619.0
2020-05-27,-45.0,-15.0,10.0,-45.0,-42.0,15.0,44926.0
2020-05-28,-44.0,-12.0,11.0,-44.0,-42.0,15.0,40503.0
2020-05-29,-47.0,-13.0,2.0,-46.0,-41.0,16.0,44432.0
2020-05-30,-52.0,-16.0,2.0,-37.0,-17.0,8.0,27156.0
2020-05-31,-57.0,-26.0,-16.0,-49.0,-16.0,7.0,14880.0
2020-06-01,-38.0,-16.0,14.0,-42.0,-42.0,14.0,30309.0
2020-06-02,-38.0,-11.0,11.0,-40.0,-39.0,13.0,44776.0
2020-06-03,-39.0,-10.0,1.0,-42.0,-39.0,14.0,43750.0
2020-06-04,-41.0,-10.0,-11.0,-44.0,-39.0,14.0,39237.0
2020-06-05,-37.0,-10.0,8.0,-40.0,-37.0,13.0,41859.0
2020-06-06,-43.0,-14.0,4.0,-35.0,-13.0,7.0,25665.0
2020-06-07,-52.0,-25.0,-21.0,-49.0,-14.0,8.0,13522.0
2020-06-08,-29.0,-12.0,0.0,-40.0,-37.0,12.0,32190.0
2020-06-09,-31.0,-14.0,6.0,-40.0,-38.0,12.0,42450.0
2020-06-10,-28.0,-8.0,12.0,-38.0,-36.0,11.0,40682.0
2020-06-11,-31.0,-13.0,-3.0,-42.0,-39.0,13.0,35680.0
2020-06-12,-31.0,-9.0,-3.0,-40.0,-36.0,12.0,42567.0
2020-06-13,-35.0,-13.0,12.0,-32.0,-7.0,5.0,24379.0
2020-06-14,-39.0,-17.0,7.0,-39.0,-3.0,4.0,14760.0
2020-06-15,-23.0,-10.0,20.0,-36.0,-34.0,10.0,32645.0
2020-06-16,-26.0,-10.0,5.0,-37.0,-34.0,11.0,41106.0
2020-06-17,-24.0,-7.0,16.0,-35.0,-34.0,10.0,39560.0
2020-06-18,-24.0,-8.0,16.0,-36.0,-34.0,10.0,34100.0
2020-06-19,-26.0,-8.0,18.0,-36.0,-32.0,9.0,38918.0
2020-06-20,-32.0,-12.0,27.0,-30.0,-4.0,2.0,24604.0
2020-06-21,-34.0,-11.0,19.0,-35.0,0.0,0.0,13036.0
2020-06-22,-17.0,-6.0,38.0,-31.0,-35.0,7.0,30417.0
2020-06-23,-16.0,2.0,42.0,-28.0,-34.0,5.0,41910.0
2020-06-24,-30.0,-29.0,42.0,-40.0,-47.0,10.0,33838.0
2020-06-25,-18.0,-1.0,24.0,-32.0,-33.0,7.0,33352.0
2020-06-26,-22.0,-4.0,24.0,-32.0,-32.0,6.0,43064.0
2020-06-27,-29.0,-11.0,33.0,-29.0,-6.0,0.0,24352.0
2020-06-28,-31.0,-9.0,19.0,-34.0,6.0,-2.0,15995.0
2020-06-29,-13.0,-6.0,37.0,-30.0,-32.0,6.0,32123.0
2020-06-30,-13.0,-4.0,35.0,-29.0,-30.0,6.0,42111.0
2020-07-01,-14.0,-3.0,30.0,-29.0,-31.0,6.0,39196.0
2020-07-02,-13.0,-1.0,29.0,-29.0,-31.0,6.0,34155.0
2020-07-03,-18.0,-3.0,31.0,-29.0,-30.0,4.0,38224.0
2020-07-04,-25.0,-10.0,43.0,-26.0,-3.0,-1.0,23401.0
2020-07-05,-24.0,2.0,28.0,-30.0,5.0,-3.0,14612.0
2020-07-06,-10.0,-3.0,45.0,-27.0,-33.0,5.0,30339.0
2020-07-07,-12.0,-4.0,51.0,-26.0,-33.0,5.0,41606.0
2020-07-08,-13.0,-4.0,47.0,-27.0,-31.0,5.0,39687.0
2020-07-09,-13.0,-3.0,46.0,-27.0,-31.0,5.0,36538.0
2020-07-10,-19.0,-6.0,37.0,-29.0,-30.0,4.0,40436.0
2020-07-11,-27.0,-12.0,44.0,-27.0,-2.0,-1.0,27442.0
2020-07-12,-27.0,-3.0,24.0,-31.0,6.0,-3.0,16304.0
2020-07-13,-10.0,-4.0,58.0,-27.0,-31.0,4.0,34014.0
2020-07-14,-12.0,-4.0,50.0,-27.0,-32.0,5.0,43361.0
2020-07-15,-12.0,-3.0,47.0,-28.0,-30.0,4.0,45559.0
2020-07-16,-13.0,-5.0,46.0,-30.0,-31.0,5.0,43224.0
2020-07-17,-20.0,-6.0,42.0,-31.0,-30.0,4.0,47311.0
2020-07-18,-29.0,-12.0,48.0,-29.0,-1.0,-1.0,33688.0
2020-07-19,-28.0,-4.0,31.0,-33.0,7.0,-3.0,21018.0
2020-07-20,-12.0,-4.0,58.0,-30.0,-33.0,4.0,40620.0
2020-07-21,-14.0,-4.0,54.0,-30.0,-33.0,5.0,52020.0
2020-07-22,-14.0,-4.0,56.0,-31.0,-30.0,5.0,52767.0
2020-07-23,-14.0,-4.0,57.0,-31.0,-31.0,5.0,51594.0
2020-07-24,-21.0,-6.0,48.0,-33.0,-30.0,4.0,54740.0
2020-07-25,-31.0,-18.0,53.0,-30.0,-3.0,-1.0,36867.0
2020-07-26,-28.0,-2.0,34.0,-33.0,9.0,-3.0,24192.0
2020-07-27,-11.0,-3.0,66.0,-31.0,-34.0,4.0,45174.0
2020-07-28,-14.0,-4.0,53.0,-32.0,-33.0,5.0,57186.0
2020-07-29,-13.0,-3.0,59.0,-32.0,-33.0,5.0,61026.0
2020-07-30,-14.0,-4.0,54.0,-32.0,-33.0,4.0,57794.0
2020-07-31,-21.0,-9.0,44.0,-34.0,-34.0,4.0,61340.0
2020-08-01,-28.0,-10.0,40.0,-31.0,-3.0,-1.0,40221.0
2020-08-02,-25.0,1.0,31.0,-33.0,7.0,-2.0,26427.0
2020-08-03,-5.0,2.0,74.0,-31.0,-39.0,4.0,49739.0
2020-08-04,-9.0,-1.0,78.0,-32.0,-39.0,5.0,64101.0
2020-08-05,-9.0,-2.0,83.0,-34.0,-39.0,5.0,65852.0
2020-08-06,-11.0,-2.0,80.0,-34.0,-39.0,5.0,64724.0
2020-08-07,-20.0,-7.0,59.0,-37.0,-38.0,5.0,70812.0
2020-08-08,-28.0,-13.0,57.0,-33.0,-5.0,-1.0,52737.0
2020-08-09,-24.0,0.0,40.0,-34.0,7.0,-3.0,32946.0
2020-08-10,-6.0,1.0,86.0,-34.0,-43.0,5.0,57542.0
2020-08-11,-12.0,-4.0,71.0,-37.0,-44.0,6.0,76865.0
2020-08-12,-9.0,-1.0,74.0,-37.0,-43.0,6.0,75487.0
2020-08-13,-11.0,-2.0,81.0,-36.0,-43.0,5.0,78649.0
2020-08-14,-20.0,0.0,62.0,-38.0,-42.0,5.0,86473.0
2020-08-15,-36.0,-40.0,55.0,-36.0,-19.0,1.0,61764.0
2020-08-16,-24.0,6.0,38.0,-34.0,7.0,-3.0,39641.0
2020-08-17,-8.0,5.0,77.0,-35.0,-45.0,5.0,64042.0
2020-08-18,-12.0,-1.0,80.0,-36.0,-43.0,6.0,86400.0
2020-08-19,-16.0,-6.0,83.0,-39.0,-44.0,6.0,90337.0
2020-08-20,-16.0,-5.0,78.0,-38.0,-44.0,6.0,91845.0
2020-08-21,-25.0,-9.0,56.0,-40.0,-43.0,7.0,103016.0
2020-08-22,-33.0,-16.0,50.0,-35.0,-7.0,1.0,72295.0
2020-08-23,-28.0,-3.0,32.0,-36.0,7.0,-2.0,48604.0
2020-08-24,-13.0,-3.0,72.0,-36.0,-41.0,6.0,78313.0
2020-08-25,-16.0,-5.0,71.0,-36.0,-40.0,6.0,99740.0
2020-08-26,-17.0,-6.0,65.0,-38.0,-39.0,6.0,109954.0
2020-08-27,-17.0,-6.0,60.0,-38.0,-39.0,6.0,104896.0
2020-08-28,-24.0,-8.0,35.0,-40.0,-39.0,7.0,112278.0
2020-08-29,-32.0,-13.0,15.0,-38.0,-9.0,3.0,78225.0
2020-08-30,-27.0,-3.0,14.0,-35.0,5.0,-1.0,59479.0
2020-08-31,-10.0,-1.0,44.0,-32.0,-36.0,6.0,88070.0
2020-09-01,-14.0,-2.0,39.0,-30.0,-34.0,6.0,111063.0
2020-09-02,-14.0,-3.0,43.0,-31.0,-33.0,6.0,112500.0
2020-09-03,-15.0,-4.0,43.0,-31.0,-33.0,6.0,114237.0
2020-09-04,-20.0,-7.0,35.0,-32.0,-32.0,5.0,121010.0
2020-09-05,-27.0,-10.0,31.0,-30.0,-7.0,1.0,82384.0
2020-09-06,-25.0,0.0,17.0,-33.0,4.0,-1.0,58819.0
2020-09-07,-11.0,-1.0,33.0,-30.0,-36.0,5.0,85876.0
2020-09-08,-16.0,-11.0,35.0,-30.0,-38.0,6.0,105454.0
2020-09-09,-15.0,-1.0,29.0,-30.0,-32.0,6.0,108600.0
2020-09-10,-13.0,1.0,36.0,-27.0,-32.0,4.0,116608.0
2020-09-11,-23.0,-14.0,39.0,-33.0,-38.0,6.0,107039.0
2020-09-12,-26.0,-9.0,36.0,-28.0,-7.0,0.0,87791.0
2020-09-13,-27.0,-4.0,20.0,-31.0,4.0,-1.0,57962.0
2020-09-14,-12.0,-2.0,31.0,-26.0,-29.0,4.0,90331.0
2020-09-15,-16.0,-5.0,29.0,-26.0,-29.0,5.0,116206.0
2020-09-16,-18.0,-5.0,25.0,-27.0,-28.0,5.0,124079.0
2020-09-17,-19.0,-5.0,13.0,-28.0,-29.0,5.0,128025.0
2020-09-18,-25.0,-9.0,0.0,-30.0,-28.0,6.0,134342.0
2020-09-19,-28.0,-9.0,6.0,-31.0,-8.0,3.0,102033.0
2020-09-20,-29.0,-7.0,6.0,-33.0,1.0,2.0,69129.0
2020-09-21,-17.0,-6.0,16.0,-27.0,-29.0,5.0,102923.0
2020-09-22,-20.0,-5.0,14.0,-24.0,-28.0,5.0,134874.0
2020-09-23,-23.0,-4.0,9.0,-25.0,-27.0,6.0,134976.0
2020-09-24,-24.0,-6.0,3.0,-29.0,-30.0,7.0,128782.0
2020-09-25,-26.0,-3.0,-3.0,-27.0,-26.0,6.0,143901.0
2020-09-26,-30.0,-7.0,0.0,-29.0,-7.0,4.0,103437.0
2020-09-27,-33.0,-8.0,-6.0,-33.0,0.0,3.0,68603.0
2020-09-28,-20.0,-3.0,8.0,-23.0,-24.0,6.0,101797.0
2020-09-29,-22.0,-3.0,8.0,-22.0,-24.0,6.0,136337.0
2020-09-30,-22.0,0.0,6.0,-22.0,-24.0,5.0,139092.0
2020-10-01,-23.0,2.0,-1.0,-22.0,-22.0,5.0,131008.0
2020-10-02,-29.0,-3.0,-25.0,-24.0,-22.0,6.0,142621.0
2020-10-03,-28.0,-2.0,-9.0,-25.0,-8.0,5.0,91610.0
2020-10-04,-34.0,-4.0,-18.0,-32.0,-4.0,5.0,57089.0
2020-10-05,-20.0,0.0,5.0,-18.0,-23.0,5.0,105735.0
2020-10-06,-22.0,0.0,4.0,-18.0,-22.0,5.0,145812.0
2020-10-07,-23.0,-2.0,5.0,-21.0,-21.0,5.0,140442.0
2020-10-08,-20.0,2.0,8.0,-20.0,-21.0,4.0,139660.0
2020-10-09,-25.0,-8.0,13.0,-21.0,-27.0,5.0,137635.0
2020-10-10,-29.0,-1.0,5.0,-27.0,-9.0,4.0,90900.0
2020-10-11,-24.0,6.0,12.0,-31.0,-4.0,3.0,58731.0
2020-10-12,-32.0,-48.0,42.0,-46.0,-72.0,14.0,54482.0
2020-10-13,-24.0,7.0,-2.0,-19.0,-22.0,5.0,122221.0
2020-10-14,-26.0,1.0,-8.0,-22.0,-20.0,7.0,155786.0
2020-10-15,-25.0,0.0,-5.0,-21.0,-20.0,6.0,161683.0
2020-10-16,-29.0,1.0,-1.0,-21.0,-19.0,6.0,168024.0
2020-10-17,-34.0,-5.0,1.0,-24.0,-10.0,6.0,113274.0
2020-10-18,-38.0,-6.0,-2.0,-30.0,-6.0,5.0,74200.0
2020-10-19,-28.0,-4.0,0.0,-21.0,-20.0,6.0,142827.0
2020-10-20,-33.0,-7.0,-19.0,-25.0,-21.0,8.0,183237.0
2020-10-21,-31.0,-2.0,-11.0,-24.0,-19.0,8.0,186420.0
2020-10-22,-32.0,-3.0,-19.0,-24.0,-20.0,8.0,183987.0
2020-10-23,-30.0,3.0,-6.0,-21.0,-19.0,7.0,199577.0
2020-10-24,-36.0,-4.0,-6.0,-26.0,-12.0,6.0,125101.0
2020-10-25,-42.0,-4.0,-25.0,-37.0,-11.0,6.0,86991.0
2020-10-26,-28.0,-2.0,-11.0,-23.0,-20.0,7.0,166258.0
2020-10-27,-30.0,-1.0,-10.0,-22.0,-20.0,7.0,213039.0
2020-10-28,-31.0,0.0,-6.0,-24.0,-19.0,8.0,211737.0
2020-10-29,-29.0,3.0,-3.0,-23.0,-20.0,7.0,205663.0
2020-10-30,-34.0,3.0,-6.0,-26.0,-21.0,9.0,213794.0
2020-10-31,-40.0,-2.0,-6.0,-32.0,-14.0,9.0,137743.0
2020-11-01,-40.0,-4.0,-8.0,-37.0,-15.0,8.0,92741.0
2020-11-02,-35.0,-21.0,8.0,-38.0,-46.0,13.0,135466.0
2020-11-03,-33.0,1.0,-17.0,-26.0,-21.0,8.0,195130.0
2020-11-04,-36.0,-2.0,-26.0,-30.0,-21.0,10.0,206360.0
2020-11-05,-36.0,-3.0,-25.0,-30.0,-22.0,10.0,200576.0
2020-11-06,-38.0,-1.0,-23.0,-30.0,-21.0,10.0,206363.0
2020-11-07,-47.0,-7.0,-30.0,-39.0,-20.0,12.0,130615.0
2020-11-08,-48.0,-8.0,-16.0,-37.0,-20.0,9.0,97394.0
2020-11-09,-32.0,-5.0,-5.0,-32.0,-27.0,9.0,163857.0
2020-11-10,-37.0,-3.0,-6.0,-26.0,-22.0,9.0,204434.0
2020-11-11,-38.0,-3.0,-8.0,-27.0,-21.0,9.0,195974.0
2020-11-12,-38.0,-2.0,-7.0,-27.0,-22.0,9.0,188200.0
2020-11-13,-40.0,0.0,-10.0,-28.0,-22.0,10.0,190781.0
2020-11-14,-48.0,-7.0,-23.0,-37.0,-21.0,11.0,115439.0
2020-11-15,-51.0,-11.0,-19.0,-40.0,-22.0,10.0,90422.0
2020-11-16,-36.0,-7.0,-5.0,-27.0,-21.0,8.0,160603.0
2020-11-17,-37.0,-5.0,-3.0,-26.0,-21.0,8.0,186907.0
2020-11-18,-38.0,-3.0,-5.0,-27.0,-20.0,9.0,169198.0
2020-11-19,-37.0,-2.0,-11.0,-27.0,-21.0,9.0,161515.0
2020-11-20,-40.0,0.0,-13.0,-27.0,-20.0,10.0,161267.0
2020-11-21,-44.0,-5.0,-12.0,-32.0,-19.0,10.0,92228.0
2020-11-22,-48.0,-7.0,-13.0,-36.0,-21.0,9.0,69850.0
2020-11-23,-32.0,-6.0,-9.0,-27.0,-20.0,8.0,139583.0
2020-11-24,-33.0,-4.0,-12.0,-26.0,-19.0,8.0,161926.0
2020-11-25,-34.0,-2.0,-21.0,-28.0,-19.0,9.0,154751.0
2020-11-26,-35.0,-2.0,-27.0,-29.0,-20.0,9.0,147431.0
2020-11-27,-36.0,-1.0,-29.0,-30.0,-20.0,10.0,170653.0
2020-11-28,-39.0,-2.0,-25.0,-32.0,-17.0,10.0,90996.0
2020-11-29,-39.0,7.0,-23.0,-34.0,-16.0,9.0,57041.0
2020-11-30,-28.0,-2.0,-8.0,-24.0,-19.0,7.0,133444.0
2020-12-01,-30.0,0.0,-11.0,-23.0,-18.0,7.0,164633.0
2020-12-02,-30.0,2.0,-15.0,-25.0,-17.0,8.0,158783.0
2020-12-03,-29.0,3.0,-15.0,-24.0,-19.0,8.0,149178.0
2020-12-04,-34.0,2.0,-30.0,-28.0,-20.0,10.0,147480.0
2020-12-05,-39.0,0.0,-30.0,-33.0,-16.0,9.0,83295.0
2020-12-06,-38.0,9.0,-29.0,-38.0,-18.0,9.0,52629.0
2020-12-07,-23.0,-3.0,-9.0,-41.0,-61.0,16.0,97093.0
2020-12-08,-46.0,-52.0,-17.0,-53.0,-75.0,22.0,66569.0
2020-12-09,-28.0,11.0,-21.0,-26.0,-18.0,7.0,144550.0
2020-12-10,-29.0,4.0,-23.0,-26.0,-19.0,8.0,164478.0
2020-12-11,-33.0,1.0,-26.0,-28.0,-18.0,10.0,167503.0
2020-12-12,-34.0,-1.0,-15.0,-27.0,-12.0,8.0,98220.0
2020-12-13,-32.0,14.0,-15.0,-31.0,-11.0,7.0,59511.0
2020-12-14,-23.0,-2.0,-15.0,-24.0,-18.0,6.0,147311.0
2020-12-15,-23.0,1.0,-10.0,-22.0,-18.0,6.0,172703.0
2020-12-16,-25.0,1.0,-17.0,-24.0,-17.0,7.0,170328.0
2020-12-17,-23.0,5.0,-11.0,-22.0,-17.0,7.0,168616.0
2020-12-18,-27.0,1.0,-17.0,-24.0,-18.0,8.0,174460.0
2020-12-19,-32.0,-1.0,-24.0,-25.0,-12.0,8.0,101557.0
2020-12-20,-25.0,29.0,-15.0,-26.0,-9.0,6.0,62220.0
2020-12-21,-13.0,12.0,-1.0,-20.0,-22.0,6.0,162863.0
2020-12-22,-14.0,17.0,1.0,-20.0,-26.0,6.0,192502.0
2020-12-23,-11.0,35.0,-3.0,-23.0,-35.0,8.0,200421.0
2020-12-24,-25.0,18.0,-14.0,-41.0,-54.0,12.0,141458.0
2020-12-25,-73.0,-79.0,-29.0,-67.0,-82.0,24.0,49694.0
2020-12-26,-42.0,-21.0,-15.0,-35.0,-26.0,9.0,71678.0
2020-12-27,-32.0,17.0,-22.0,-35.0,-14.0,7.0,62684.0
2020-12-28,-16.0,7.0,-12.0,-34.0,-44.0,12.0,149514.0
2020-12-29,-17.0,13.0,-7.0,-32.0,-44.0,11.0,172535.0
2020-12-30,-14.0,32.0,-4.0,-31.0,-42.0,10.0,182706.0
2020-12-31,-28.0,17.0,-15.0,-44.0,-55.0,13.0,131247.0
2021-01-01,-75.0,-82.0,-37.0,-70.0,-83.0,26.0,53332.0
2021-01-02,-36.0,-7.0,-22.0,-34.0,-21.0,10.0,79676.0
2021-01-03,-29.0,20.0,-24.0,-34.0,-11.0,7.0,67539.0
2021-01-04,-9.0,16.0,-7.0,-30.0,-40.0,10.0,165439.0
2021-01-05,-9.0,29.0,-3.0,-29.0,-42.0,10.0,205743.0
2021-01-06,-56.0,-70.0,-22.0,-57.0,-76.0,21.0,98795.0
2021-01-07,-35.0,1.0,-32.0,-39.0,-37.0,14.0,180729.0
2021-01-08,-45.0,-7.0,-39.0,-41.0,-36.0,17.0,211196.0
2021-01-09,-58.0,-22.0,-44.0,-50.0,-32.0,17.0,123333.0
2021-01-10,-58.0,-21.0,-46.0,-50.0,-28.0,13.0,89795.0
2021-01-11,-36.0,-1.0,-25.0,-35.0,-31.0,13.0,199889.0
2021-01-12,-40.0,-5.0,-26.0,-35.0,-30.0,12.0,236257.0
2021-01-13,-42.0,-5.0,-26.0,-35.0,-28.0,11.0,252564.0
2021-01-14,-43.0,-7.0,-30.0,-36.0,-30.0,11.0,242917.0
2021-01-15,-46.0,-7.0,-31.0,-37.0,-30.0,12.0,258979.0
2021-01-16,-52.0,-12.0,-28.0,-39.0,-25.0,11.0,168005.0
2021-01-17,-55.0,-18.0,-31.0,-45.0,-27.0,10.0,114220.0
2021-01-18,-40.0,-10.0,-21.0,-34.0,-28.0,9.0,245849.0
2021-01-19,-43.0,-10.0,-24.0,-35.0,-29.0,10.0,293072.0
2021-01-20,-47.0,-15.0,-37.0,-38.0,-29.0,12.0,299729.0
2021-01-21,-47.0,-9.0,-31.0,-36.0,-27.0,11.0,302725.0
2021-01-22,-52.0,-11.0,-40.0,-40.0,-29.0,14.0,303751.0
2021-01-23,-58.0,-14.0,-43.0,-46.0,-28.0,14.0,191338.0
2021-01-24,-59.0,-18.0,-34.0,-47.0,-30.0,12.0,133789.0
2021-01-25,-45.0,-11.0,-30.0,-36.0,-27.0,10.0,273978.0
2021-01-26,-46.0,-9.0,-23.0,-34.0,-27.0,10.0,310229.0
2021-01-27,-47.0,-9.0,-17.0,-35.0,-26.0,11.0,318701.0
2021-01-28,-46.0,-7.0,-14.0,-34.0,-26.0,10.0,299314.0
2021-01-29,-49.0,-5.0,-17.0,-35.0,-27.0,12.0,298810.0
2021-01-30,-58.0,-11.0,-35.0,-46.0,-28.0,14.0,201846.0
2021-01-31,-60.0,-15.0,-35.0,-48.0,-30.0,12.0,133466.0
2021-02-01,-43.0,-7.0,-16.0,-34.0,-25.0,9.0,251100.0
2021-02-02,-45.0,-8.0,-15.0,-35.0,-26.0,10.0,279051.0
2021-02-03,-46.0,-5.0,-16.0,-35.0,-25.0,10.0,285608.0
2021-02-04,-46.0,-4.0,-21.0,-35.0,-25.0,10.0,269585.0
2021-02-05,-50.0,-3.0,-27.0,-36.0,-25.0,12.0,266400.0
2021-02-06,-58.0,-9.0,-36.0,-45.0,-28.0,13.0,164898.0
2021-02-07,-58.0,-15.0,-32.0,-46.0,-30.0,11.0,106864.0
2021-02-08,-44.0,-8.0,-26.0,-35.0,-25.0,9.0,221701.0
2021-02-09,-46.0,-8.0,-31.0,-35.0,-25.0,10.0,240484.0
2021-02-10,-44.0,-3.0,-19.0,-34.0,-23.0,10.0,223333.0
2021-02-11,-43.0,-3.0,-15.0,-32.0,-23.0,9.0,214484.0
2021-02-12,-46.0,0.0,-18.0,-33.0,-23.0,11.0,199972.0
2021-02-13,-48.0,-3.0,-9.0,-35.0,-23.0,10.0,104665.0
2021-02-14,-46.0,-5.0,-13.0,-38.0,-23.0,8.0,64677.0
2021-02-15,-38.0,-6.0,-5.0,-32.0,-29.0,9.0,161981.0
2021-02-16,-42.0,-8.0,-5.0,-31.0,-28.0,9.0,181214.0
2021-02-17,-41.0,-2.0,-5.0,-29.0,-23.0,9.0,164766.0
2021-02-18,-40.0,-1.0,-9.0,-29.0,-22.0,8.0,156360.0
2021-02-19,-42.0,1.0,-6.0,-30.0,-23.0,10.0,150183.0
2021-02-20,-48.0,-6.0,-7.0,-33.0,-22.0,9.0,83080.0
2021-02-21,-55.0,-14.0,-38.0,-45.0,-26.0,10.0,57377.0
2021-02-22,-38.0,-5.0,-13.0,-32.0,-23.0,8.0,146255.0
2021-02-23,-38.0,-2.0,-2.0,-27.0,-21.0,7.0,154208.0
2021-02-24,-38.0,-1.0,-3.0,-28.0,-20.0,8.0,146841.0
2021-02-25,-37.0,2.0,-10.0,-27.0,-21.0,8.0,123263.0
2021-02-26,-38.0,5.0,-7.0,-27.0,-21.0,8.0,133018.0
2021-02-27,-42.0,0.0,1.0,-29.0,-18.0,7.0,75166.0
2021-02-28,-43.0,0.0,-8.0,-33.0,-19.0,6.0,49974.0
2021-03-01,-35.0,-9.0,-8.0,-30.0,-29.0,8.0,132497.0
2021-03-02,-34.0,2.0,-8.0,-26.0,-20.0,7.0,155948.0
2021-03-03,-33.0,4.0,-3.0,-25.0,-19.0,7.0,144278.0
2021-03-04,-33.0,4.0,-5.0,-25.0,-19.0,7.0,128200.0
2021-03-05,-35.0,4.0,-9.0,-25.0,-19.0,8.0,127500.0
2021-03-06,-39.0,-1.0,-8.0,-28.0,-17.0,7.0,73707.0
2021-03-07,-45.0,-7.0,-27.0,-37.0,-18.0,7.0,49899.0
2021-03-08,-31.0,-3.0,-15.0,-28.0,-21.0,7.0,132270.0
2021-03-09,-32.0,1.0,-6.0,-25.0,-19.0,6.0,142611.0
2021-03-10,-31.0,2.0,2.0,-24.0,-18.0,6.0,128935.0
2021-03-11,-31.0,3.0,-1.0,-24.0,-18.0,6.0,114053.0
2021-03-12,-33.0,5.0,-2.0,-24.0,-17.0,7.0,126229.0
2021-03-13,-36.0,-2.0,8.0,-25.0,-15.0,5.0,71904.0
2021-03-14,-36.0,1.0,1.0,-30.0,-15.0,4.0,47676.0
2021-03-15,-28.0,0.0,6.0,-24.0,-17.0,5.0,130160.0
2021-03-16,-29.0,1.0,4.0,-23.0,-18.0,5.0,138453.0
2021-03-17,-29.0,4.0,4.0,-24.0,-17.0,6.0,128992.0
2021-03-18,-27.0,13.0,-8.0,-24.0,-19.0,6.0,119370.0
2021-03-19,-38.0,-20.0,-15.0,-40.0,-42.0,14.0,103414.0
2021-03-20,-36.0,1.0,-8.0,-29.0,-17.0,7.0,66433.0
2021-03-21,-36.0,1.0,1.0,-29.0,-14.0,4.0,49187.0
2021-03-22,-28.0,2.0,5.0,-24.0,-17.0,5.0,132861.0
2021-03-23,-29.0,2.0,10.0,-22.0,-17.0,5.0,151111.0
2021-03-24,-28.0,4.0,10.0,-23.0,-17.0,5.0,139543.0
2021-03-25,-26.0,8.0,10.0,-20.0,-17.0,5.0,130439.0
2021-03-26,-30.0,6.0,4.0,-23.0,-20.0,6.0,136672.0
2021-03-27,-33.0,1.0,11.0,-23.0,-13.0,4.0,84623.0
2021-03-28,-31.0,5.0,18.0,-24.0,-11.0,2.0,53083.0
2021-03-29,-21.0,5.0,29.0,-26.0,-31.0,6.0,129610.0
2021-03-30,-21.0,10.0,29.0,-24.0,-31.0,6.0,129826.0
2021-03-31,-14.0,27.0,37.0,-22.0,-32.0,4.0,126550.0
2021-04-01,-24.0,1.0,51.0,-37.0,-62.0,11.0,83120.0
2021-04-02,-47.0,-53.0,42.0,-50.0,-75.0,19.0,53450.0
2021-04-03,-33.0,9.0,21.0,-28.0,-21.0,4.0,74240.0
2021-04-04,-30.0,13.0,20.0,-24.0,-12.0,1.0,61776.0
2021-04-05,-28.0,-13.0,45.0,-32.0,-47.0,9.0,110207.0
2021-04-06,-25.0,13.0,9.0,-22.0,-22.0,5.0,150341.0
2021-04-07,-27.0,10.0,5.0,-24.0,-21.0,6.0,149118.0
2021-04-08,-26.0,8.0,7.0,-22.0,-20.0,6.0,143544.0
2021-04-09,-32.0,3.0,-10.0,-26.0,-20.0,8.0,149157.0
2021-04-10,-36.0,1.0,-17.0,-30.0,-14.0,7.0,92884.0
2021-04-11,-37.0,2.0,-18.0,-34.0,-14.0,6.0,59282.0
2021-04-12,-26.0,0.0,11.0,-23.0,-20.0,5.0,137708.0
2021-04-13,-29.0,4.0,-1.0,-22.0,-16.0,5.0,159301.0
2021-04-14,-29.0,5.0,0.0,-22.0,-16.0,6.0,158898.0
2021-04-15,-30.0,3.0,-7.0,-23.0,-17.0,7.0,139570.0
2021-04-16,-31.0,6.0,-2.0,-23.0,-15.0,6.0,146535.0
2021-04-17,-33.0,1.0,4.0,-25.0,-12.0,5.0,88487.0
2021-04-18,-33.0,6.0,8.0,-26.0,-11.0,4.0,59643.0
2021-04-19,-26.0,2.0,8.0,-21.0,-15.0,5.0,147972.0
2021-04-20,-28.0,4.0,1.0,-21.0,-15.0,6.0,159373.0
2021-04-21,-29.0,4.0,-4.0,-24.0,-17.0,6.0,149165.0
2021-04-22,-28.0,6.0,-3.0,-22.0,-15.0,6.0,145109.0
2021-04-23,-28.0,3.0,13.0,-18.0,-19.0,6.0,141623.0
2021-04-24,-33.0,2.0,-1.0,-24.0,-13.0,5.0,92893.0
2021-04-25,-39.0,0.0,-23.0,-35.0,-14.0,6.0,60815.0
2021-04-26,-26.0,2.0,-7.0,-23.0,-16.0,6.0,150386.0
2021-04-27,-28.0,4.0,-6.0,-22.0,-15.0,6.0,163272.0
2021-04-28,-26.0,6.0,-1.0,-22.0,-15.0,6.0,149966.0
2021-04-29,-24.0,10.0,-3.0,-21.0,-15.0,5.0,143082.0
2021-04-30,-22.0,25.0,1.0,-19.0,-16.0,4.0,151989.0
2021-05-01,-44.0,-52.0,9.0,-29.0,-34.0,7.0,79141.0
2021-05-02,-13.0,54.0,4.0,-19.0,-3.0,0.0,58219.0
2021-05-03,-19.0,10.0,16.0,-26.0,-28.0,6.0,126647.0
2021-05-04,-21.0,12.0,17.0,-17.0,-17.0,4.0,150061.0
2021-05-05,-22.0,11.0,13.0,-18.0,-14.0,4.0,144717.0
2021-05-06,-21.0,10.0,14.0,-17.0,-14.0,4.0,134369.0
2021-05-07,-23.0,10.0,18.0,-16.0,-13.0,4.0,140484.0
2021-05-08,-27.0,1.0,27.0,-16.0,-10.0,1.0,83470.0
2021-05-09,-32.0,6.0,-15.0,-28.0,-12.0,3.0,58831.0
2021-05-10,-21.0,6.0,1.0,-19.0,-16.0,4.0,132868.0
2021-05-11,-20.0,7.0,9.0,-17.0,-15.0,4.0,140434.0
2021-05-12,-20.0,9.0,8.0,-16.0,-15.0,4.0,131874.0
2021-05-13,-20.0,8.0,7.0,-16.0,-16.0,4.0,122768.0
2021-05-14,-20.0,10.0,19.0,-14.0,-15.0,2.0,131616.0
2021-05-15,-24.0,-2.0,23.0,-15.0,-14.0,0.0,80906.0
2021-05-16,-27.0,8.0,8.0,-21.0,-10.0,-1.0,55683.0
2021-05-17,-19.0,3.0,24.0,-15.0,-18.0,4.0,128349.0
2021-05-18,-19.0,8.0,14.0,-15.0,-14.0,4.0,137293.0
2021-05-19,-19.0,9.0,18.0,-17.0,-13.0,4.0,125341.0
2021-05-20,-16.0,11.0,23.0,-18.0,-13.0,3.0,115238.0
2021-05-21,-19.0,11.0,20.0,-16.0,-14.0,2.0,122399.0
2021-05-22,-25.0,0.0,21.0,-19.0,-9.0,1.0,72718.0
2021-05-23,-31.0,6.0,-7.0,-26.0,-11.0,2.0,53051.0
2021-05-24,-16.0,5.0,25.0,-20.0,-21.0,4.0,113830.0
2021-05-25,-17.0,11.0,20.0,-15.0,-14.0,3.0,131623.0
2021-05-26,-17.0,12.0,21.0,-16.0,-13.0,3.0,121012.0
2021-05-27,-15.0,12.0,17.0,-15.0,-13.0,3.0,113903.0
2021-05-28,-15.0,13.0,27.0,-12.0,-12.0,1.0,119578.0
2021-05-29,-20.0,2.0,34.0,-13.0,-8.0,-1.0,73501.0
2021-05-30,-22.0,15.0,20.0,-18.0,-6.0,-1.0,50213.0
2021-05-31,-12.0,10.0,26.0,-14.0,-15.0,3.0,122791.0
2021-06-01,-14.0,14.0,14.0,-14.0,-14.0,4.0,124931.0
2021-06-02,-11.0,17.0,27.0,-12.0,-13.0,3.0,117917.0
2021-06-03,-12.0,12.0,23.0,-14.0,-17.0,4.0,104629.0
2021-06-04,-13.0,15.0,26.0,-12.0,-13.0,2.0,115821.0
2021-06-05,-20.0,3.0,20.0,-15.0,-9.0,1.0,72213.0
2021-06-06,-20.0,17.0,23.0,-14.0,-5.0,-2.0,48792.0
2021-06-07,-9.0,13.0,35.0,-12.0,-14.0,2.0,115470.0
2021-06-08,-11.0,14.0,32.0,-11.0,-14.0,3.0,117353.0
2021-06-09,-11.0,13.0,34.0,-12.0,-16.0,3.0,107126.0
2021-06-10,-9.0,16.0,35.0,-11.0,-14.0,2.0,101052.0
2021-06-11,-14.0,11.0,32.0,-11.0,-15.0,1.0,105790.0
2021-06-12,-21.0,1.0,40.0,-12.0,-9.0,-2.0,67638.0
2021-06-13,-23.0,16.0,23.0,-14.0,-7.0,-3.0,47423.0
2021-06-14,-10.0,12.0,33.0,-12.0,-17.0,2.0,112147.0
2021-06-15,-11.0,13.0,34.0,-11.0,-16.0,2.0,115994.0
2021-06-16,-11.0,14.0,26.0,-12.0,-17.0,2.0,103783.0
2021-06-17,-13.0,12.0,12.0,-15.0,-18.0,3.0,94868.0
2021-06-18,-15.0,9.0,22.0,-14.0,-18.0,1.0,101557.0
2021-06-19,-23.0,0.0,21.0,-15.0,-11.0,-1.0,66385.0
2021-06-20,-23.0,17.0,7.0,-18.0,-9.0,-1.0,45701.0
2021-06-21,-7.0,11.0,36.0,-13.0,-21.0,2.0,108682.0
2021-06-22,-8.0,13.0,34.0,-12.0,-21.0,2.0,107714.0
2021-06-23,-8.0,18.0,46.0,-12.0,-23.0,1.0,104385.0
2021-06-24,-14.0,-8.0,61.0,-20.0,-41.0,5.0,80844.0
2021-06-25,-12.0,14.0,50.0,-15.0,-29.0,1.0,110385.0
2021-06-26,-21.0,0.0,46.0,-12.0,-11.0,-3.0,74277.0
2021-06-27,-19.0,23.0,26.0,-12.0,-7.0,-5.0,52055.0
2021-06-28,-5.0,12.0,43.0,-12.0,-25.0,1.0,123800.0
2021-06-29,-7.0,10.0,45.0,-12.0,-27.0,1.0,136099.0
2021-06-30,-5.0,16.0,47.0,-11.0,-24.0,0.0,140257.0
2021-07-01,-4.0,18.0,50.0,-9.0,-27.0,1.0,139165.0
2021-07-02,-15.0,9.0,34.0,-14.0,-26.0,1.0,154681.0
2021-07-03,-19.0,4.0,46.0,-9.0,-10.0,-3.0,105553.0
2021-07-04,-15.0,39.0,31.0,-10.0,-4.0,-5.0,71274.0
2021-07-05,-2.0,17.0,65.0,-9.0,-28.0,1.0,153241.0
2021-07-06,-7.0,17.0,45.0,-12.0,-28.0,2.0,171264.0
2021-07-07,-4.0,17.0,57.0,-11.0,-28.0,2.0,175675.0
2021-07-08,-4.0,16.0,61.0,-10.0,-28.0,1.0,176367.0
2021-07-09,-13.0,12.0,55.0,-12.0,-27.0,0.0,198035.0
2021-07-10,-22.0,1.0,55.0,-12.0,-10.0,-3.0,124949.0
2021-07-11,-22.0,27.0,33.0,-14.0,-6.0,-4.0,91821.0
2021-07-12,-4.0,17.0,59.0,-12.0,-30.0,2.0,183907.0
2021-07-13,-5.0,17.0,63.0,-11.0,-29.0,2.0,206886.0
2021-07-14,-3.0,17.0,64.0,-11.0,-28.0,2.0,210553.0
2021-07-15,-4.0,18.0,65.0,-11.0,-28.0,1.0,213701.0
2021-07-16,-13.0,10.0,60.0,-14.0,-29.0,1.0,217246.0
2021-07-17,-23.0,1.0,59.0,-12.0,-9.0,-3.0,135948.0
2021-07-18,-20.0,31.0,44.0,-12.0,-2.0,-5.0,92362.0
2021-07-19,-2.0,17.0,78.0,-11.0,-30.0,1.0,203253.0
2021-07-20,-5.0,16.0,75.0,-12.0,-30.0,2.0,220023.0
2021-07-21,-5.0,17.0,71.0,-14.0,-29.0,2.0,218280.0
2021-07-22,-6.0,15.0,67.0,-14.0,-29.0,2.0,215824.0
2021-07-23,-15.0,11.0,54.0,-16.0,-28.0,2.0,223105.0
2021-07-24,-23.0,1.0,54.0,-14.0,-7.0,-2.0,141907.0
2021-07-25,-18.0,32.0,40.0,-13.0,1.0,-4.0,89751.0
2021-07-26,0.0,18.0,78.0,-13.0,-31.0,2.0,193744.0
2021-07-27,-4.0,16.0,77.0,-13.0,-30.0,2.0,216175.0
2021-07-28,-4.0,16.0,77.0,-14.0,-30.0,2.0,214179.0
2021-07-29,-3.0,17.0,73.0,-14.0,-29.0,2.0,210691.0
2021-07-30,-12.0,13.0,55.0,-16.0,-29.0,1.0,221449.0
2021-07-31,-21.0,3.0,41.0,-14.0,-7.0,-2.0,137194.0
2021-08-01,-13.0,42.0,41.0,-10.0,2.0,-4.0,84817.0
2021-08-02,4.0,23.0,98.0,-13.0,-38.0,2.0,178501.0
2021-08-03,-1.0,19.0,93.0,-15.0,-38.0,3.0,193242.0
2021-08-04,0.0,22.0,86.0,-18.0,-38.0,3.0,189338.0
2021-08-05,-2.0,18.0,94.0,-17.0,-38.0,2.0,176140.0
2021-08-06,-12.0,13.0,73.0,-19.0,-37.0,3.0,178340.0
2021-08-07,-21.0,2.0,62.0,-14.0,-10.0,-2.0,110415.0
2021-08-08,-13.0,39.0,54.0,-11.0,2.0,-4.0,68749.0
2021-08-09,4.0,22.0,114.0,-16.0,-42.0,2.0,154011.0
2021-08-10,1.0,19.0,111.0,-17.0,-42.0,3.0,170804.0
2021-08-11,-1.0,19.0,103.0,-19.0,-42.0,3.0,161595.0
2021-08-12,-3.0,17.0,102.0,-20.0,-42.0,3.0,158525.0
2021-08-13,-15.0,10.0,80.0,-22.0,-41.0,3.0,154381.0
2021-08-14,-25.0,1.0,61.0,-16.0,-10.0,-2.0,96559.0
2021-08-15,-15.0,36.0,48.0,-13.0,3.0,-4.0,64695.0
2021-08-16,-5.0,4.0,112.0,-21.0,-55.0,4.0,123676.0
2021-08-17,0.0,24.0,106.0,-17.0,-45.0,3.0,148529.0
2021-08-18,-2.0,20.0,105.0,-19.0,-42.0,4.0,151002.0
2021-08-19,-4.0,16.0,99.0,-21.0,-43.0,4.0,142927.0
2021-08-20,-15.0,9.0,85.0,-22.0,-41.0,4.0,140202.0
2021-08-21,-23.0,-1.0,67.0,-14.0,-8.0,-2.0,85403.0
2021-08-22,-16.0,33.0,47.0,-12.0,9.0,-4.0,55949.0
2021-08-23,0.0,18.0,97.0,-17.0,-39.0,3.0,135503.0
2021-08-24,-4.0,15.0,92.0,-18.0,-39.0,4.0,137727.0
2021-08-25,-2.0,18.0,92.0,-18.0,-38.0,4.0,137901.0
2021-08-26,-3.0,16.0,90.0,-17.0,-37.0,3.0,125860.0
2021-08-27,-14.0,9.0,71.0,-20.0,-36.0,3.0,125622.0
2021-08-28,-22.0,-1.0,57.0,-12.0,-4.0,-2.0,76632.0
2021-08-29,-15.0,32.0,36.0,-9.0,12.0,-4.0,54244.0
2021-08-30,0.0,17.0,66.0,-13.0,-33.0,3.0,129942.0
2021-08-31,-2.0,19.0,63.0,-11.0,-31.0,3.0,136334.0
2021-09-01,-5.0,20.0,41.0,-12.0,-28.0,4.0,131058.0
2021-09-02,-2.0,19.0,50.0,-10.0,-27.0,3.0,114719.0
2021-09-03,-9.0,13.0,50.0,-10.0,-25.0,2.0,111249.0
2021-09-04,-15.0,5.0,52.0,-3.0,-1.0,-2.0,69437.0
2021-09-05,-11.0,35.0,37.0,-2.0,12.0,-4.0,47189.0
2021-09-06,2.0,19.0,66.0,-5.0,-27.0,2.0,110288.0
2021-09-07,1.0,21.0,59.0,-5.0,-26.0,2.0,115447.0
2021-09-08,-2.0,11.0,60.0,-7.0,-31.0,3.0,104359.0
2021-09-09,-2.0,22.0,48.0,-5.0,-26.0,2.0,100700.0
2021-09-10,-7.0,17.0,46.0,-5.0,-24.0,1.0,99938.0
2021-09-11,-17.0,-4.0,52.0,-2.0,-5.0,-2.0,62719.0
2021-09-12,-12.0,34.0,30.0,-2.0,11.0,-3.0,45263.0
2021-09-13,0.0,22.0,41.0,-1.0,-26.0,2.0,110238.0
2021-09-14,-6.0,16.0,28.0,-4.0,-27.0,3.0,113299.0
2021-09-15,-5.0,20.0,37.0,-2.0,-25.0,2.0,111481.0
2021-09-16,-6.0,17.0,39.0,-2.0,-25.0,1.0,98352.0
2021-09-17,-9.0,12.0,40.0,-2.0,-24.0,-1.0,104595.0
2021-09-18,-15.0,3.0,35.0,-4.0,-4.0,-1.0,60640.0
2021-09-19,-13.0,26.0,25.0,-3.0,6.0,-2.0,46156.0
2021-09-20,-6.0,14.0,33.0,-4.0,-24.0,1.0,115427.0
2021-09-21,-8.0,13.0,30.0,-4.0,-23.0,2.0,117965.0
2021-09-22,-8.0,15.0,29.0,-4.0,-19.0,2.0,113962.0
2021-09-23,-8.0,14.0,29.0,-3.0,-20.0,2.0,103453.0
2021-09-24,-11.0,10.0,28.0,-6.0,-23.0,1.0,100967.0
2021-09-25,-16.0,3.0,29.0,-3.0,-4.0,-1.0,63316.0
2021-09-26,-13.0,25.0,22.0,-1.0,7.0,-2.0,48598.0
2021-09-27,-5.0,14.0,35.0,-2.0,-18.0,1.0,122540.0
2021-09-28,-8.0,14.0,31.0,-1.0,-18.0,1.0,123349.0
2021-09-29,-8.0,13.0,26.0,-5.0,-19.0,1.0,118099.0
2021-09-30,-6.0,15.0,29.0,-2.0,-17.0,1.0,102589.0
2021-10-01,-10.0,12.0,26.0,-3.0,-17.0,-1.0,100117.0
2021-10-02,-15.0,3.0,26.0,-2.0,-5.0,-2.0,60062.0
2021-10-03,-20.0,20.0,-6.0,-12.0,0.0,1.0,44420.0
2021-10-04,-7.0,14.0,22.0,-4.0,-18.0,1.0,110930.0
2021-10-05,-9.0,13.0,23.0,-4.0,-18.0,1.0,109887.0
2021-10-06,-8.0,15.0,26.0,-4.0,-16.0,1.0,105913.0
2021-10-07,-7.0,13.0,28.0,-3.0,-16.0,0.0,89204.0
2021-10-08,-10.0,13.0,28.0,-2.0,-16.0,-2.0,81932.0
2021-10-09,-16.0,-5.0,37.0,-2.0,-10.0,-3.0,44580.0
2021-10-10,-9.0,32.0,31.0,-6.0,-2.0,-1.0,31958.0
2021-10-11,12.0,26.0,75.0,-10.0,-41.0,2.0,93078.0
2021-10-12,-22.0,-50.0,74.0,-28.0,-74.0,11.0,49416.0
2021-10-13,-11.0,23.0,23.0,-4.0,-16.0,1.0,110171.0
2021-10-14,-10.0,16.0,23.0,-4.0,-15.0,1.0,99486.0
2021-10-15,-11.0,11.0,22.0,-4.0,-14.0,0.0,94754.0
2021-10-16,-16.0,1.0,20.0,-4.0,-6.0,-1.0,54117.0
2021-10-17,-17.0,19.0,8.0,-6.0,-2.0,0.0,38660.0
2021-10-18,-8.0,11.0,28.0,-3.0,-16.0,1.0,104797.0
2021-10-19,-10.0,10.0,27.0,-3.0,-15.0,1.0,105893.0
2021-10-20,-11.0,12.0,22.0,-5.0,-14.0,1.0,98425.0
2021-10-21,-10.0,12.0,19.0,-4.0,-14.0,1.0,87739.0
2021-10-22,-13.0,10.0,11.0,-5.0,-14.0,1.0,89674.0
2021-10-23,-15.0,3.0,20.0,-2.0,-7.0,-1.0,51546.0
2021-10-24,-15.0,22.0,8.0,-4.0,-3.0,0.0,37985.0
2021-10-25,-8.0,13.0,23.0,-4.0,-15.0,1.0,101799.0
2021-10-26,-9.0,13.0,21.0,-3.0,-14.0,1.0,104888.0
2021-10-27,-9.0,15.0,21.0,-4.0,-14.0,1.0,101090.0
2021-10-28,-7.0,17.0,19.0,-3.0,-14.0,1.0,87069.0
2021-10-29,-13.0,15.0,3.0,-4.0,-14.0,0.0,82088.0
2021-10-30,-17.0,10.0,-1.0,-7.0,-10.0,0.0,48307.0
2021-10-31,-2.0,46.0,8.0,-4.0,-4.0,-1.0,39290.0
2021-11-01,-17.0,-39.0,38.0,-30.0,-76.0,11.0,42797.0
2021-11-02,-12.0,23.0,4.0,-4.0,-15.0,1.0,104900.0
2021-11-03,-12.0,17.0,1.0,-7.0,-14.0,2.0,106996.0
2021-11-04,-10.0,16.0,3.0,-6.0,-13.0,2.0,95205.0
2021-11-05,-12.0,13.0,0.0,-6.0,-13.0,2.0,94340.0
2021-11-06,-15.0,5.0,4.0,-5.0,-9.0,1.0,55386.0
2021-11-07,-16.0,21.0,-1.0,-8.0,-8.0,1.0,40300.0
2021-11-08,-6.0,13.0,16.0,-7.0,-15.0,2.0,106194.0
2021-11-09,-9.0,11.0,15.0,-12.0,-21.0,3.0,109867.0
2021-11-10,-12.0,13.0,5.0,-7.0,-13.0,2.0,114354.0
2021-11-11,-11.0,12.0,7.0,-6.0,-14.0,2.0,103934.0
2021-11-12,-12.0,11.0,5.0,-5.0,-13.0,2.0,104870.0
2021-11-13,-14.0,3.0,11.0,-3.0,-10.0,0.0,62447.0
2021-11-14,-16.0,19.0,0.0,-7.0,-9.0,0.0,47138.0
2021-11-15,-10.0,10.0,7.0,-6.0,-14.0,2.0,121271.0
2021-11-16,-12.0,10.0,4.0,-7.0,-14.0,2.0,131603.0
2021-11-17,-11.0,12.0,7.0,-7.0,-13.0,2.0,128344.0
2021-11-18,-11.0,11.0,4.0,-6.0,-14.0,2.0,122489.0
2021-11-19,-13.0,10.0,3.0,-5.0,-14.0,2.0,128496.0
2021-11-20,-19.0,1.0,-6.0,-8.0,-11.0,2.0,74978.0
2021-11-21,-20.0,17.0,-10.0,-10.0,-11.0,2.0,53811.0
2021-11-22,-13.0,7.0,-7.0,-9.0,-14.0,3.0,142020.0
2021-11-23,-16.0,6.0,-11.0,-10.0,-14.0,4.0,152192.0
2021-11-24,-14.0,10.0,-9.0,-10.0,-13.0,4.0,152725.0
2021-11-25,-11.0,13.0,-6.0,-7.0,-14.0,3.0,144282.0
2021-11-26,-9.0,14.0,-2.0,-5.0,-13.0,2.0,149923.0
2021-11-27,-18.0,3.0,-13.0,-7.0,-11.0,2.0,87471.0
2021-11-28,-16.0,35.0,-25.0,-13.0,-9.0,3.0,62357.0
2021-11-29,-9.0,11.0,1.0,-7.0,-14.0,3.0,157714.0
2021-11-30,-10.0,14.0,6.0,-5.0,-13.0,2.0,180106.0
2021-12-01,-11.0,15.0,-4.0,-7.0,-13.0,3.0,185411.0
2021-12-02,-10.0,17.0,-4.0,-6.0,-13.0,2.0,190189.0
2021-12-03,-12.0,15.0,3.0,-3.0,-14.0,1.0,190965.0
2021-12-04,-16.0,9.0,10.0,-2.0,-12.0,-1.0,110699.0
2021-12-05,-2.0,59.0,10.0,-6.0,-12.0,1.0,76514.0
2021-12-06,-11.0,-36.0,68.0,-29.0,-76.0,12.0,78763.0
2021-12-07,5.0,36.0,33.0,-15.0,-47.0,5.0,173981.0
2021-12-08,-27.0,-41.0,2.0,-36.0,-74.0,16.0,110297.0
2021-12-09,-11.0,25.0,-6.0,-10.0,-15.0,3.0,204902.0
2021-12-10,-14.0,14.0,-6.0,-11.0,-14.0,3.0,222654.0
2021-12-11,-16.0,5.0,6.0,-3.0,-5.0,1.0,138592.0
2021-12-12,-11.0,44.0,1.0,-6.0,-3.0,2.0,105288.0
2021-12-13,-7.0,14.0,11.0,-6.0,-12.0,2.0,223363.0
2021-12-14,-9.0,14.0,8.0,-6.0,-12.0,2.0,257573.0
2021-12-15,-9.0,17.0,6.0,-7.0,-12.0,2.0,275015.0
2021-12-16,-7.0,18.0,4.0,-7.0,-13.0,2.0,283751.0
2021-12-17,-11.0,14.0,1.0,-8.0,-13.0,2.0,315321.0
2021-12-18,-16.0,6.0,2.0,-3.0,-5.0,1.0,197642.0
2021-12-19,-8.0,60.0,-7.0,-8.0,-2.0,2.0,147493.0
2021-12-20,-3.0,20.0,6.0,-8.0,-16.0,3.0,334140.0
2021-12-21,-3.0,27.0,7.0,-7.0,-18.0,4.0,411009.0
2021-12-22,-2.0,32.0,4.0,-10.0,-22.0,4.0,455530.0
2021-12-23,0.0,46.0,1.0,-12.0,-32.0,5.0,505369.0
2021-12-24,-28.0,22.0,-18.0,-35.0,-55.0,12.0,380334.0
2021-12-25,-66.0,-77.0,-28.0,-47.0,-57.0,10.0,197351.0
2021-12-26,-21.0,50.0,-20.0,-22.0,-14.0,4.0,206684.0
2021-12-27,0.0,21.0,28.0,-19.0,-43.0,8.0,414593.0
2021-12-28,-3.0,21.0,32.0,-18.0,-43.0,9.0,473489.0
2021-12-29,-2.0,28.0,36.0,-19.0,-43.0,8.0,488311.0
2021-12-30,0.0,43.0,35.0,-18.0,-44.0,7.0,471671.0
2021-12-31,-28.0,22.0,6.0,-36.0,-57.0,13.0,339089.0
2022-01-01,-63.0,-75.0,1.0,-41.0,-57.0,10.0,166197.0
2022-01-02,-7.0,68.0,8.0,-13.0,-8.0,2.0,194533.0
2022-01-03,3.0,24.0,31.0,-18.0,-39.0,7.0,392067.0
2022-01-04,-1.0,27.0,12.0,-20.0,-39.0,8.0,432675.0
2022-01-05,6.0,45.0,21.0,-16.0,-41.0,8.0,418208.0
2022-01-06,-43.0,-61.0,3.0,-48.0,-79.0,20.0,185124.0
2022-01-07,-20.0,16.0,-4.0,-30.0,-46.0,13.0,366152.0
2022-01-08,-28.0,0.0,-10.0,-22.0,-15.0,7.0,218253.0
2022-01-09,-28.0,26.0,-25.0,-24.0,-11.0,6.0,185894.0
2022-01-10,-16.0,14.0,-5.0,-18.0,-21.0,6.0,401434.0
2022-01-11,-19.0,12.0,-2.0,-18.0,-21.0,6.0,413860.0
2022-01-12,-21.0,11.0,-3.0,-21.0,-20.0,7.0,410827.0
2022-01-13,-21.0,10.0,-4.0,-21.0,-21.0,7.0,396193.0
2022-01-14,-24.0,7.0,-8.0,-21.0,-19.0,7.0,385983.0
2022-01-15,-27.0,1.0,-6.0,-22.0,-13.0,5.0,203199.0
2022-01-16,-30.0,14.0,-8.0,-25.0,-14.0,5.0,146232.0
2022-01-17,-18.0,8.0,2.0,-19.0,-20.0,6.0,379391.0
2022-01-18,-20.0,9.0,1.0,-19.0,-20.0,6.0,383706.0
2022-01-19,-19.0,10.0,-1.0,-20.0,-19.0,6.0,368156.0
2022-01-20,-20.0,8.0,-3.0,-20.0,-21.0,7.0,334381.0
2022-01-21,-22.0,8.0,-8.0,-20.0,-19.0,7.0,328333.0
2022-01-22,-26.0,-1.0,-5.0,-20.0,-13.0,5.0,162733.0
2022-01-23,-28.0,10.0,-12.0,-23.0,-14.0,5.0,123000.0
2022-01-24,-17.0,8.0,-1.0,-18.0,-19.0,5.0,335171.0
2022-01-25,-18.0,9.0,0.0,-17.0,-19.0,6.0,318039.0
2022-01-26,-18.0,10.0,1.0,-18.0,-18.0,6.0,289304.0
2022-01-27,-17.0,10.0,3.0,-16.0,-18.0,5.0,265405.0
2022-01-28,-18.0,9.0,2.0,-16.0,-17.0,5.0,255233.0
2022-01-29,-21.0,2.0,9.0,-14.0,-10.0,3.0,126415.0
2022-01-30,-22.0,14.0,5.0,-16.0,-10.0,2.0,92645.0
2022-01-31,-14.0,9.0,9.0,-15.0,-17.0,4.0,258051.0
2022-02-01,-15.0,12.0,8.0,-12.0,-15.0,4.0,233512.0
2022-02-02,-13.0,12.0,15.0,-13.0,-16.0,4.0,212644.0
2022-02-03,-12.0,13.0,11.0,-11.0,-14.0,3.0,191425.0
2022-02-04,-16.0,11.0,2.0,-12.0,-13.0,3.0,188905.0
2022-02-05,-18.0,3.0,6.0,-12.0,-9.0,2.0,92990.0
2022-02-06,-18.0,17.0,5.0,-11.0,-9.0,1.0,72443.0
2022-02-07,-11.0,11.0,16.0,-9.0,-14.0,3.0,198150.0
2022-02-08,-13.0,12.0,16.0,-9.0,-14.0,3.0,180553.0
2022-02-09,-13.0,13.0,16.0,-10.0,-13.0,3.0,163931.0
2022-02-10,-12.0,13.0,13.0,-8.0,-13.0,3.0,144832.0
2022-02-11,-14.0,12.0,10.0,-9.0,-12.0,2.0,136465.0
2022-02-12,-17.0,2.0,11.0,-8.0,-9.0,1.0,74281.0
2022-02-13,-18.0,15.0,-3.0,-11.0,-8.0,1.0,57395.0
2022-02-14,-6.0,13.0,11.0,-8.0,-13.0,2.0,158356.0
2022-02-15,-14.0,10.0,13.0,-8.0,-12.0,2.0,147401.0
2022-02-16,-13.0,12.0,14.0,-8.0,-12.0,3.0,136046.0
2022-02-17,-12.0,12.0,20.0,-6.0,-11.0,2.0,118904.0
2022-02-18,-15.0,10.0,13.0,-8.0,-11.0,2.0,122331.0
2022-02-19,-20.0,1.0,2.0,-12.0,-9.0,1.0,62266.0
2022-02-20,-17.0,16.0,11.0,-7.0,-7.0,0.0,48799.0
2022-02-21,-12.0,10.0,21.0,-7.0,-12.0,2.0,142323.0
2022-02-22,-13.0,11.0,23.0,-6.0,-11.0,2.0,130615.0
2022-02-23,-13.0,12.0,18.0,-8.0,-11.0,2.0,121432.0
2022-02-24,-13.0,12.0,12.0,-7.0,-11.0,2.0,102590.0
2022-02-25,-17.0,11.0,3.0,-11.0,-15.0,3.0,99942.0
2022-02-26,-19.0,3.0,11.0,-8.0,-9.0,1.0,53436.0
2022-02-27,-12.0,28.0,17.0,-4.0,-6.0,-1.0,45420.0
2022-02-28,-11.0,-1.0,41.0,-10.0,-30.0,3.0,113836.0
2022-03-01,-16.0,8.0,23.0,-8.0,-20.0,3.0,114323.0
2022-03-02,-16.0,14.0,11.0,-9.0,-12.0,2.0,118035.0
2022-03-03,-18.0,11.0,-4.0,-11.0,-12.0,3.0,105711.0
2022-03-04,-18.0,11.0,-3.0,-12.0,-11.0,3.0,104961.0
2022-03-05,-19.0,3.0,3.0,-9.0,-7.0,1.0,58793.0
2022-03-06,-22.0,10.0,-12.0,-15.0,-8.0,2.0,47191.0
2022-03-07,-18.0,8.0,0.0,-12.0,-12.0,3.0,128528.0
2022-03-08,-18.0,10.0,3.0,-10.0,-11.0,3.0,120177.0
2022-03-09,-17.0,11.0,4.0,-12.0,-10.0,2.0,114892.0
2022-03-10,-18.0,11.0,4.0,-12.0,-9.0,2.0,100315.0
2022-03-11,-23.0,10.0,-13.0,-15.0,-10.0,3.0,96586.0
2022-03-12,-23.0,0.0,-5.0,-13.0,-7.0,2.0,54169.0
2022-03-13,-23.0,8.0,-7.0,-12.0,-6.0,1.0,47377.0
2022-03-14,-25.0,1.0,-16.0,-17.0,-11.0,5.0,129173.0
2022-03-15,-23.0,2.0,-8.0,-14.0,-11.0,4.0,121966.0
2022-03-16,-22.0,4.0,-10.0,-15.0,-11.0,5.0,114243.0
2022-03-17,-20.0,9.0,-9.0,-15.0,-12.0,4.0,96962.0
2022-03-18,-19.0,11.0,0.0,-12.0,-13.0,3.0,92716.0
2022-03-19,-21.0,-9.0,2.0,-10.0,-11.0,1.0,50615.0
2022-03-20,-25.0,4.0,-14.0,-13.0,-8.0,1.0,44262.0
2022-03-21,-23.0,3.0,-8.0,-15.0,-11.0,4.0,126225.0
2022-03-22,-23.0,6.0,-8.0,-15.0,-10.0,4.0,121265.0
2022-03-23,-23.0,6.0,-9.0,-17.0,-11.0,5.0,111327.0
2022-03-24,-22.0,5.0,-8.0,-16.0,-11.0,4.0,91343.0
2022-03-25,-22.0,4.0,-7.0,-15.0,-11.0,4.0,88181.0
2022-03-26,-24.0,-6.0,-5.0,-15.0,-9.0,2.0,47472.0
2022-03-27,-23.0,3.0,3.0,-12.0,-8.0,1.0,38414.0
